<?xml version="1.0" encoding="UTF-8"?>
<!DOCTYPE suite SYSTEM "https://testng.org/testng-1.0.dtd">

<suite name="Suite">
  
  <listeners>
		<listener class-name="utilities.ExtentReportUtility" />
	</listeners>


  <test name="OpenCart Test">

    <parameter name="browser" value="chrome" />    <!-- passing browser parameter to BaseClass ->Setup() -->
   
   	<groups>
   		<run>
			<include name="Master" />
			<!-- <include name="Sanity" />
			<include name="Regression" /> -->
			<exclude name="" />
		</run>
	</groups>	
   
    <classes>
   	    <class name="testCases.TC_001_AccountRegistrationtTest"/> 
   	    <class name="testCases.TC_002_LoginTest"/>
   	     
    </classes>
  </test> 
</suite> 
